spectral_centroid,spectral_contrast,rolloff,zero_crossing_rate,rmse,tempo,mfcc1,mfcc2,mfcc3,mfcc4,mfcc5,label
1505.299012,23.38532021,2717.008571,0.09824506,0.03625489,95.703125,-437.6479187,170.9881287,7.427471638,-3.100461245,0.801415741,0.00E+00
1360.408354,25.19911049,2387.218898,0.087771578,0.030627836,117.4538352,-171.1051788,156.9305573,-21.84981918,5.337416172,-4.054869175,0.00E+00
1490.03481,22.90216336,2784.916493,0.09004972,0.043869056,99.38401442,-230.2445526,119.1512909,-1.050998926,28.38791656,10.00871086,0.00E+00
1526.647067,25.67444845,2915.974034,0.108951722,0.02944977,135.9991776,-283.4979248,159.5895386,-29.53636742,18.54133224,-9.867400169,0.00E+00
1705.704611,25.0284943,3175.73913,0.112866664,0.042299889,107.6660156,-299.6480408,103.6481171,-27.68024635,51.01206589,12.30522156,0.00E+00
1431.427561,22.3137998,2836.657847,0.075238774,0.043271575,143.5546875,-207.3867493,117.6047745,-41.41357422,13.24866772,-1.65546608,0.00E+00
1372.825807,24.40109986,2737.933444,0.072923217,0.033231888,103.359375,-392.9229126,190.7829285,-13.34251785,8.278394699,1.549722314,0.00E+00
1358.918358,22.87809935,2667.900534,0.07314695,0.040873736,107.6660156,-449.527832,151.5198364,-12.76174259,44.26583481,6.236341953,0.00E+00
1516.626219,23.72478914,2973.782018,0.078787883,0.034038126,135.9991776,-402.1960144,154.0128021,-15.23430538,15.30642796,-3.071419239,0.00E+00
1216.293762,24.08127056,2560.259518,0.056270257,0.023797711,129.1992188,-552.1200562,173.3547974,26.35229874,14.11641216,7.256919861,0.00E+00
1497.196639,22.75188272,2868.149323,0.08621641,0.029512677,103.359375,-186.6319733,86.64537048,-15.72755146,14.73683453,-2.204741001,0.00E+00
949.460832,23.26250799,1695.881412,0.060726012,0.021505473,151.9990809,-85.28141022,118.4471893,-31.4813652,20.28513718,-4.419133663,0.00E+00
1179.908654,24.16938311,2153.69531,0.065938755,0.031418923,123.046875,-251.2267303,88.74597931,-41.787323,37.92015839,-12.03349781,0.00E+00
1388.034995,23.55603692,2598.750952,0.080889534,0.031741571,129.1992188,-246.1237488,149.4347382,-41.99037552,11.61639881,-10.2857275,0.00E+00
1279.614578,22.89665756,2389.502218,0.068473131,0.031621873,143.5546875,-369.035614,171.9629211,-27.31944275,6.018663406,-0.147744164,0.00E+00
1371.560999,24.17598403,2620.284156,0.075752376,0.011433194,123.046875,-326.3294067,85.93001556,-42.96249771,31.84588814,-19.57003403,0.00E+00
1054.489587,22.0158324,1947.038227,0.047664489,0.008010743,99.38401442,-436.8583679,154.1332245,-19.90319252,20.1828289,3.171194553,0.00E+00
1358.897903,22.38497774,2417.593714,0.081115534,0.037378151,117.4538352,-121.8143387,149.6727142,-42.84595871,24.48899078,-5.412307262,0.00E+00
1157.889858,23.5656109,2181.978473,0.070668885,0.018684961,129.1992188,-367.0795593,112.8555298,-18.75359344,10.18005943,-1.612913609,0.00E+00
1184.632142,22.00946201,2289.452823,0.057591488,0.007993123,123.046875,-249.6342621,161.597168,10.15954494,-3.066417933,-0.578074992,0.00E+00
1218.290508,22.9929637,2295.177788,0.069812881,0.038438499,143.5546875,-385.8355713,128.6689911,-26.71852875,39.47082901,-2.15880084,0.00E+00
1371.283566,22.04154712,2570.001126,0.07956679,0.045469102,135.9991776,-549.7567749,157.1216431,6.588772774,34.43016434,13.26928616,0.00E+00
1211.199952,22.39742195,2237.361471,0.068446298,0.047907226,107.6660156,-374.6436462,153.851944,-21.57677841,20.84772682,7.007452965,0.00E+00
983.6863867,23.27133126,1852.513798,0.044227246,0.017132366,117.4538352,-422.5392456,89.84893036,-18.7363224,37.78148651,5.998184204,0.00E+00
1253.174116,23.35944609,2292.911135,0.071647715,0.066695653,151.9990809,-160.6461182,164.2802277,-48.75534058,1.662767172,-7.611216068,0.00E+00
1184.080387,21.75471953,2139.178731,0.068293994,0.064123116,129.1992188,-81.06881714,129.0519714,-42.45161438,33.14112473,5.686828613,0.00E+00
1278.601087,23.56959484,2233.269829,0.081748183,0.038903285,151.9990809,-358.7328491,129.0865936,-30.38215065,19.8777523,-10.3650198,0.00E+00
901.8344805,23.44027111,1456.666192,0.053449412,0.02841945,129.1992188,-108.0352936,127.2728806,-44.9522171,31.24362564,4.355782986,0.00E+00
1313.698893,23.11967493,2397.052172,0.081097771,0.062616818,151.9990809,-234.395401,130.2594299,-39.53585815,19.33927345,-6.798908234,0.00E+00
1558.813953,23.08630273,2922.065664,0.09221524,0.041608013,135.9991776,-338.8352661,190.2120514,-16.31083298,3.697672606,-0.437514544,0.00E+00
1243.718021,22.03286807,2353.127438,0.063724482,0.02973626,117.4538352,-280.6795654,122.7128067,-14.39484692,26.86096382,1.347654223,0.00E+00
822.263434,19.38831651,1433.449665,0.039457433,0.026815005,112.3471467,-203.6249542,111.1458664,-51.55012512,39.45784378,-10.56659126,0.00E+00
792.8999211,21.40841723,1207.567698,0.036581789,0.008045236,123.046875,-263.9663086,142.1340942,-51.38689041,5.02436924,-20.27393532,0.00E+00
1128.264022,21.82258076,2165.770237,0.054393095,0.012362544,123.046875,-321.2634583,136.3085327,-28.29458237,31.03899956,0.566770971,0.00E+00
1369.627553,24.76949964,2655.117278,0.07356796,0.038926434,123.046875,-483.9385071,144.207489,1.375233054,8.090772629,4.930779457,0.00E+00
1016.27941,20.71880202,1823.680639,0.061154959,0.0405978,151.9990809,-368.4895935,124.2680435,-31.56978035,17.594841,2.321777582,0.00E+00
1281.770846,22.20778455,2440.360243,0.05941045,0.016010107,123.046875,-319.2236938,143.6858521,-31.17563057,10.93424892,-5.542383194,0.00E+00
1534.064978,23.06867496,2838.224504,0.093952191,0.041551378,151.9990809,-498.5862427,177.5261536,11.2036562,27.64444351,-2.828965664,0.00E+00
1279.041661,22.75523353,2376.660629,0.075835898,0.044319287,112.3471467,-429.0514221,120.7797546,-1.706300139,17.94756889,7.746009827,0.00E+00
1633.534759,22.23375633,3161.255884,0.108959281,0.012819476,129.1992188,-366.2355347,181.62323,-5.518503189,26.9954586,-4.817452431,0.00E+00
1396.691239,23.52095354,2652.725626,0.072643174,0.019744933,117.4538352,-475.786438,141.4974976,-8.478093147,34.00800705,0.525431812,0.00E+00
1329.251894,23.59808675,2462.126779,0.078816984,0.021300973,123.046875,-374.0401306,172.4773254,6.43040657,20.10181999,5.923595428,0.00E+00
1327.314425,21.25229848,2172.570196,0.093852796,0.134665444,99.38401442,-221.2801361,173.3295135,-37.45681763,24.36349297,-8.684725761,0.00E+00
1063.153306,20.71542198,1610.948592,0.051040886,0.115407556,123.046875,-223.1387329,163.2472534,-34.4070549,24.1675396,-10.28961277,0.00E+00
1181.021586,23.75523821,2031.996046,0.071705538,0.017931728,129.1992188,-315.7706299,149.6737366,-30.54457855,23.21129036,-8.683144569,0.00E+00
1175.77635,20.89769039,1901.213504,0.062295542,0.138628036,184.5703125,-405.6073914,145.72435,-0.856800318,23.06198883,9.213999748,0.00E+00
1878.644574,18.90057162,3633.986359,0.111613082,0.115125246,129.1992188,-309.247345,138.669754,-29.7141571,33.62291718,-0.358400524,0.00E+00
1173.658308,21.59240902,2082.504074,0.066325374,0.00949774,123.046875,-300.8872986,161.1388245,-24.23980141,27.94919777,-2.839319706,0.00E+00
1515.562085,20.36925842,2770.916578,0.087271581,0.160943836,143.5546875,-292.0603638,127.7625656,-29.89420128,37.42157745,-9.550169945,0.00E+00
2224.870164,17.73419754,4467.431319,0.109446428,0.123812079,143.5546875,-356.105896,139.8126678,-6.278577328,43.17738724,-8.851787567,0.00E+00
1170.074748,19.45367774,2360.219061,0.049492898,0.007970527,123.046875,-278.1661682,147.9115448,-31.56601715,20.36554337,-9.577174187,0.00E+00
1527.629816,16.87093171,3220.847191,0.060105079,0.080538675,135.9991776,-319.6929321,166.0106964,-11.93993187,27.27754593,7.825562954,0.00E+00
2411.938718,18.19456017,4994.711464,0.126970132,0.055504654,161.4990234,-406.8506775,163.1085358,-2.403824091,32.41764069,7.950085163,0.00E+00
1465.481886,20.43889867,2749.191709,0.087918969,0.139884323,107.6660156,-275.4006042,125.3323288,-41.02280045,24.5886631,-4.748532772,0.00E+00
1712.446076,21.7249265,2833.457866,0.116278208,0.175421417,129.1992188,-419.2956238,127.4140091,-3.794592857,23.19443321,-4.315729141,0.00E+00
1079.448981,22.24767641,1764.672663,0.059341289,0.013055688,123.046875,-278.7973938,160.0293274,-28.40923691,23.02935219,-2.700129509,0.00E+00
1680.088264,21.08914602,3077.806389,0.096725795,0.189936608,112.3471467,-286.7418823,135.933197,-24.43938065,36.64537048,-6.230931759,0.00E+00
1751.271417,20.52935912,3235.663768,0.095257927,0.016777493,107.6660156,-343.1076355,140.1201935,-20.92488289,32.32437897,-3.684863091,0.00E+00
1137.95424,23.96487956,1821.180654,0.081868364,0.029998526,129.1992188,-362.7192993,143.9241638,-19.00117874,30.6401062,1.039318562,0.00E+00
1551.647144,21.81363078,2841.574484,0.093299511,0.069164112,117.4538352,-295.7745667,134.5388336,-22.42955399,40.74411392,-5.875274181,0.00E+00
1803.621756,21.00014279,3366.512976,0.104016378,0.068768859,123.046875,-275.9753418,146.3466492,-36.58543777,24.19907379,-2.531787157,0.00E+00
1322.026416,22.72732184,2473.626709,0.076126146,0.048188843,151.9990809,-314.9978943,128.7146301,-28.92272758,30.83425522,-8.991014481,0.00E+00
1474.803384,20.70092687,2809.941342,0.074046038,0.038956139,92.28515625,-259.9151306,118.9501648,-35.61749268,31.96369362,-16.52582359,0.00E+00
690.0759016,19.79575463,749.0621372,0.036054204,0.020157427,99.38401442,-264.2930298,138.1752167,-30.08368301,37.82317734,-7.17117691,0.00E+00
1118.108795,19.71871823,1873.613671,0.042299064,0.012563469,117.4538352,-385.3195496,177.1907806,-9.319134712,24.38171959,5.8182621,0.00E+00
828.7544423,19.79680844,1013.485538,0.047511806,0.02920289,123.046875,-409.499939,116.7966461,-16.18402863,11.69095039,0.710946858,0.00E+00
794.9184861,20.75632708,1007.277242,0.04503223,0.031731356,135.9991776,-449.5358276,124.9704208,-19.86003304,27.52310181,-5.764224529,0.00E+00
1118.227507,19.39536672,1993.671278,0.046355351,0.031687785,143.5546875,-324.0611572,133.594574,-25.04469109,24.55264282,-11.94702435,0.00E+00
1559.721852,22.17879146,2812.832991,0.095202372,0.05739738,161.4990234,-297.1060181,130.2621155,-30.6015873,27.48267174,-7.076253414,0.00E+00
1349.415928,22.76342405,2443.618557,0.079280322,0.02916662,117.4538352,-228.9130707,153.9326324,-30.70715523,20.79227448,-6.108670235,0.00E+00
1355.797918,21.29771542,2522.409747,0.070855959,0.031917829,151.9990809,-268.1955261,135.6919708,-34.05140305,25.61551094,-12.97758484,0.00E+00
1396.824265,21.08649547,2615.059187,0.075857062,0.051705267,143.5546875,-324.5988464,147.8232727,-31.91736984,27.39212418,-4.489181519,0.00E+00
1284.921775,21.00324817,2476.568358,0.063749803,0.020731511,117.4538352,-235.2537231,141.1099854,-34.67073059,30.96661186,-16.38002014,0.00E+00
1211.296335,21.51938681,2104.70394,0.070939102,0.043831587,129.1992188,-482.5862427,154.8756866,-5.046085835,29.73652077,-1.872348666,0.00E+00
1359.905307,20.44768014,2568.617801,0.072116722,0.037299454,161.4990234,-311.5872498,148.7118683,-33.46609879,10.31886005,-12.85110188,0.00E+00
1171.718503,22.69969262,2235.903146,0.060884741,0.016483212,117.4538352,-326.861084,127.4024048,-30.60689735,37.45817184,-5.300833225,0.00E+00
1340.270643,20.40091394,2521.98475,0.071713474,0.058851279,117.4538352,-349.9388428,161.8268127,-3.370240211,14.19544888,5.771659851,0.00E+00
811.6796467,20.8006837,1236.067526,0.048344757,0.016757213,161.4990234,-498.724762,145.6916046,46.5360527,15.26536846,3.058496237,0.00E+00
715.1893205,19.83032254,1037.285394,0.041293401,0.006632959,135.9991776,-321.1299744,134.6035919,-18.25528908,22.19682121,0.421831042,0.00E+00
789.601607,20.26865816,1158.451328,0.052112308,0.018847767,107.6660156,-269.67276,136.4424744,-25.02957535,26.40132332,0.675240219,0.00E+00
972.0335267,16.92459414,1907.413466,0.031537602,0.005275614,123.046875,-421.6164551,172.842392,28.05224991,-2.562525272,-3.584568977,0.00E+00
1213.872306,20.73161764,2163.528584,0.060558969,0.016525526,143.5546875,-197.1920929,137.4040222,-34.15598297,25.36267471,-5.277171612,0.00E+00
1415.07921,22.62685943,2489.501613,0.08737929,0.042976044,112.3471467,-306.848999,152.8592682,-27.60104942,16.33049011,-3.14158082,0.00E+00
852.9122973,22.26757823,1401.283193,0.050792966,0.041897476,123.046875,-413.4417114,143.4786987,31.3044014,14.02449512,1.512248635,0.00E+00
1001.400439,21.2595442,1731.722862,0.057948251,0.021982316,112.3471467,-287.5845642,101.7642746,-35.35425186,41.28776169,-12.73318481,0.00E+00
1525.619293,19.06918846,2732.975141,0.091587882,0.0388886,107.6660156,-378.6697083,126.4825287,-18.82180214,42.89233017,-14.30448532,0.00E+00
1356.373033,19.50710301,2496.726569,0.076861213,0.031521458,99.38401442,-429.1732483,175.1746368,31.85898781,4.30197525,1.034889698,0.00E+00
876.8756126,21.15148626,1457.207855,0.051046555,0.021447383,123.046875,-360.8185425,138.986084,-12.93692303,33.78664398,7.590706348,0.00E+00
1302.662455,19.46887792,2347.185807,0.070536233,0.028241822,107.6660156,-238.7260742,149.7326813,-28.86225128,28.27163124,-0.783642232,0.00E+00
2423.392871,24.40007242,4296.624019,0.166686445,0.035139497,99.38401442,-305.4315186,135.9376526,-11.76709366,18.22266197,10.36874771,0.00E+00
2172.340941,25.98621476,4066.55041,0.151986231,0.023866184,117.4538352,-301.9083862,57.53806686,-59.13418579,33.5474472,-20.90315628,0.00E+00
2192.798091,25.78581401,4066.467077,0.152437854,0.044745713,143.5546875,-299.6030884,157.2707672,-37.33165741,15.77145576,-5.744014263,0.00E+00
1807.461178,25.33704835,3071.923091,0.130958014,0.084155142,129.1992188,-465.9222717,180.2020721,56.68280029,11.03125,5.835223198,0.00E+00
1623.859388,23.79910476,2732.316811,0.108258227,0.082526974,135.9991776,-477.9508057,155.3632813,12.76587009,5.5263834,2.402227163,0.00E+00
1424.013746,21.66386742,2927.307299,0.070154905,0.013995526,123.046875,-274.359375,148.3734283,-20.32382011,21.79186821,7.950322151,0.00E+00
1800.707843,24.10750721,3426.854278,0.124357147,0.013565917,117.4538352,-412.9704285,138.5377808,-19.24843979,34.16341019,8.972399712,0.00E+00
1932.858343,22.35240481,3573.061728,0.117520453,0.057000209,135.9991776,-98.32328796,98.35693359,-20.49176025,18.81813812,-2.096720457,0.00E+00
1494.115744,23.31572049,2780.841518,0.085921249,0.036727086,103.359375,-124.0537491,148.618042,-21.55851364,17.41118431,-1.436457515,0.00E+00
1953.048534,23.26229216,3780.627139,0.123492451,0.029108962,95.703125,-289.710907,143.9020996,-26.99879837,24.06792259,-1.148625731,0.00E+00
1524.906761,22.9214456,3325.104894,0.080683186,0.010502625,117.4538352,-166.3934784,122.1194153,-32.11149979,16.68393898,-5.395673752,0.00E+00
1504.404759,17.94375093,2800.374733,0.078464378,0.046767645,123.046875,-259.8767395,123.1871643,-6.390842438,37.57033539,-2.977656126,1.00E+00
1266.405832,18.70226301,2410.418758,0.059277797,0.022798536,135.9991776,-256.9590149,175.3587646,-44.8222847,25.65061188,-4.255734921,1.00E+00
1064.810564,25.9207498,1896.030202,0.057872666,0.080839545,107.6660156,-297.3196106,193.0973816,10.20895195,-1.628381014,3.388405323,1.00E+00
813.2937292,22.17611946,1417.008098,0.044674333,0.059495945,123.046875,-233.1115112,105.9150925,-2.662991762,37.43234253,-8.161618233,1.00E+00
1039.62342,26.10936443,1838.213885,0.047768797,0.108785957,95.703125,-345.7215271,146.9728394,-0.523528516,22.64101982,5.810400963,1.00E+00
1268.061497,24.38069288,2486.201633,0.057861328,0.107554607,107.6660156,-199.9759827,117.2345963,-12.3759346,39.11137009,-6.351594925,1.00E+00
1219.805019,24.17916649,2416.71872,0.048062446,0.098626211,135.9991776,-232.9287567,93.82224274,-16.17824173,49.58608627,-13.94454193,1.00E+00
1169.86472,25.66515406,1958.03816,0.064834453,0.093769915,99.38401442,-233.7652283,108.4536362,-10.68267059,38.7003746,-10.76812077,1.00E+00
1304.575756,23.21164087,2723.916862,0.046274852,0.118613556,107.6660156,-358.2769775,137.9810944,-10.98336315,20.82501602,1.981614828,1.00E+00
749.2628447,23.53787406,1133.368147,0.031690285,0.085393064,112.3471467,-252.0731812,137.9031982,-11.13097286,8.365116119,0.730072796,1.00E+00
829.0965651,23.62590415,1553.44894,0.03306556,0.064158402,112.3471467,-179.5712433,124.3107834,-29.72732735,45.35098648,-10.18335056,1.00E+00
1826.036589,22.35105214,4011.734075,0.076920548,0.071205214,99.38401442,-270.2643433,137.6129456,5.667617321,42.45900345,-7.946350098,1.00E+00
1651.067621,21.29929106,3659.411205,0.063699917,0.037538536,112.3471467,-318.7449341,162.664978,-16.49702644,39.13897705,31.44058418,1.00E+00
1790.029549,21.01076772,4398.031739,0.061073327,0.055497278,151.9990809,-192.5005798,113.1804886,-6.334553242,39.57110214,-9.164302826,1.00E+00
1171.621463,23.88808484,2018.671127,0.06494254,0.039326198,129.1992188,-246.2348938,120.1925507,-0.9656111,30.68991661,0.180724487,1.00E+00
1782.474278,21.63921641,3812.668612,0.073570606,0.06238709,117.4538352,-237.3220673,146.8408508,-24.41936111,64.27133942,-10.8104744,1.00E+00
1465.522809,23.94301267,2820.974609,0.069864279,0.060601473,117.4538352,-217.6234589,112.6362839,12.6846571,39.5186348,-9.821474075,1.00E+00
1934.384698,20.44067677,4327.257167,0.084186566,0.049863573,103.359375,-291.9437866,137.7348328,2.666251898,35.63227844,-12.30224133,1.00E+00
1992.883118,22.08761137,4247.30765,0.087708842,0.052259337,103.359375,-234.3591919,142.7346344,-14.27472401,51.95101166,-8.182988167,1.00E+00
1352.94792,23.30107563,2713.100261,0.055484169,0.050217606,123.046875,-253.1745911,122.6945114,-5.663681984,40.56266785,-5.824800491,1.00E+00
1171.393082,20.75562402,2580.159398,0.032971834,0.027128775,107.6660156,-78.16747284,63.23966217,-1.674718261,21.01893234,4.454933643,1.00E+00
2914.946662,20.70672051,5864.864536,0.18139913,0.047982793,123.046875,-23.78352356,82.97753143,2.332536697,29.47382927,6.617634773,1.00E+00
1451.62688,24.23386212,3046.548245,0.05122229,0.050517157,129.1992188,-165.4844208,87.27773285,24.82932854,28.39711761,-2.771612406,1.00E+00
1987.817578,23.04648231,4315.540571,0.08007359,0.087848566,161.4990234,-204.7543945,117.4312057,-20.93976784,42.01603317,-10.34818077,1.00E+00
2034.544575,21.38826639,4342.957072,0.093247358,0.058875889,103.359375,-190.4230652,129.5420532,-7.845529556,20.72606468,2.20279479,1.00E+00
1697.923143,22.53323461,3805.660321,0.063624332,0.069402084,103.359375,-149.181839,79.08159637,2.028721571,27.62010193,0.315135449,1.00E+00
1367.353771,25.33718548,2631.650753,0.0586357,0.031945392,123.046875,-168.1230164,108.2865295,-14.16461945,30.4510746,3.877734184,1.00E+00
1769.361929,21.3983221,3966.634348,0.062653438,0.040616855,143.5546875,-154.3235168,110.6957932,-22.30696869,21.16939163,4.263514996,1.00E+00
1853.537668,22.99157928,4029.625633,0.074904687,0.04878284,99.38401442,-322.4306946,90.68418884,27.02772141,37.84936523,19.69342041,1.00E+00
2235.411636,22.16178186,4683.821678,0.099404161,0.036323298,112.3471467,-192.5074615,80.97054291,25.69517326,18.54018402,14.17123127,1.00E+00
1687.249146,24.32057126,3353.421389,0.084662753,0.029618531,117.4538352,-77.01703644,64.53250122,-2.856184721,28.52058029,4.688070297,1.00E+00
1752.884897,21.46831219,3733.785756,0.07241415,0.043605279,112.3471467,-50.56663132,85.05270386,3.554144382,22.80799103,-1.58527863,1.00E+00
1522.235891,20.73092729,3251.913669,0.061409304,0.040521927,129.1992188,-177.2891083,144.3558655,-17.27964211,55.69905853,-21.24642944,1.00E+00
1169.415464,21.08692917,2444.151887,0.042349706,0.069789425,95.703125,-84.02204132,63.09621048,5.613573551,24.92836952,6.190076828,1.00E+00
1759.457167,22.69346428,3573.978389,0.079344947,0.130053848,99.38401442,-222.9824066,102.8621445,-1.651836634,45.21669006,-6.746564865,1.00E+00
844.0869568,22.18774135,1608.706939,0.037729931,0.091526076,123.046875,-315.0259094,112.7362595,9.766943932,38.97482681,3.932959795,1.00E+00
1482.159689,20.87808585,2658.658923,0.099559489,0.080587499,123.046875,-202.7881927,145.7697601,-23.58351326,47.85332108,-14.36994457,1.00E+00
1276.437926,22.43263552,2468.035076,0.051512916,0.106636405,95.703125,-118.420578,122.2999649,-12.95524025,26.84390068,4.37314558,1.00E+00
1554.590361,23.13904449,3216.888881,0.066400581,0.097826257,151.9990809,-190.6163177,144.0543671,-28.4109993,33.81686401,-1.297202587,1.00E+00
1311.372381,20.7756382,2724.758524,0.076523725,0.082297191,99.38401442,-238.0081482,155.916626,-9.195623398,13.17073631,6.585514545,1.00E+00
1317.055842,21.91474283,2778.966529,0.05486059,0.13809292,103.359375,-69.5684967,126.0057755,-5.152335167,30.78400612,8.314670563,1.00E+00
1617.838892,21.66969731,3104.00623,0.100630911,0.078278445,95.703125,-235.7680054,144.7929993,-22.58672905,62.56859207,-9.311702728,1.00E+00
1344.43746,22.04485798,2772.149904,0.061212026,0.099546909,129.1992188,-228.4183044,170.4723969,-16.10466766,43.98448944,1.099852324,1.00E+00
1760.324104,23.5746593,3460.67074,0.085669172,0.111775257,151.9990809,-179.7704163,114.6879425,28.39160156,36.07065582,11.15198612,1.00E+00
1004.778193,22.88537041,1810.464052,0.049664099,0.086462833,103.359375,-111.6413727,121.7663956,-3.120141983,20.95214462,2.543805599,1.00E+00
937.4562086,22.20191203,1763.189338,0.042625971,0.100362279,123.046875,-179.7876129,147.7767029,-20.47399139,58.61892319,-23.79651833,1.00E+00
1295.167919,21.01591178,2695.342035,0.058650061,0.110548407,107.6660156,-204.4558716,138.6168518,-10.7982111,46.56222534,-22.3151741,1.00E+00
1982.062573,21.66215411,4262.465892,0.093573508,0.053892557,103.359375,-413.6199341,118.265686,31.12332344,40.14469528,13.12252998,1.00E+00
1748.142494,22.57896651,3684.611053,0.079297329,0.058663242,129.1992188,-125.9474106,56.63225174,23.47121429,23.71107101,-0.297329187,1.00E+00
2050.112987,20.56966988,4563.930736,0.064795149,0.184434965,123.046875,-158.3320618,49.62063599,21.6097126,16.52276421,11.42873383,1.00E+00
2482.135336,17.45181782,5795.056625,0.08078258,0.190511182,151.9990809,-277.2614136,95.77638245,-2.937320948,43.90782166,1.936546087,1.00E+00
1193.605335,19.57616414,2480.185003,0.042452124,0.069791041,95.703125,-159.1635284,91.98928833,-16.73997879,27.38222122,6.1289258,1.00E+00
2291.379122,19.47007733,5247.234937,0.077418277,0.188674927,107.6660156,-216.3097992,135.0140533,-35.4796257,61.6026001,-14.55343342,1.00E+00
1804.600419,20.3580837,3646.277951,0.079519171,0.13007699,99.38401442,-260.3973694,180.6517334,-15.38526726,48.57170105,-0.092246093,1.00E+00
1669.356197,19.73833952,3461.112404,0.064859396,0.162552938,151.9990809,-173.1763611,111.6343536,-35.90672684,45.83883286,-11.40739536,1.00E+00
871.4430542,20.46130914,1632.21513,0.03778284,0.091525301,123.046875,-248.0308838,125.9562531,-12.60891914,30.2734623,-1.075209618,1.00E+00
2978.322064,17.97476492,6863.066833,0.11482508,0.198317438,123.046875,-117.2373962,56.98441315,-2.100040436,35.61288834,4.705498695,1.00E+00
1377.832368,21.89913049,2583.876042,0.061806505,0.078162104,95.703125,-366.3855896,131.6950226,16.5163765,36.3085556,5.077533245,1.00E+00
1546.083985,18.50546541,2722.683536,0.099656994,0.080590419,123.046875,-219.7702942,100.8365021,-1.420506239,41.26562119,-0.94009614,1.00E+00
1397.300642,18.94626823,2932.365602,0.038277924,0.182781309,107.6660156,-228.3341522,67.55115509,37.06314468,21.31536674,17.05518532,1.00E+00
1427.752415,19.6820794,2729.80016,0.052423719,0.106650703,95.703125,-37.8887558,65.09345245,14.32888985,21.30529976,7.496686459,1.00E+00
2456.265597,18.43811262,5466.700277,0.094494138,0.232459247,172.265625,-206.8230438,141.8399353,-13.78654003,49.32816315,-24.79638672,1.00E+00
1725.397512,20.31689755,3504.462142,0.067522267,0.097847253,151.9990809,-204.1839447,147.6063538,-25.21466255,49.34016418,-15.65956306,1.00E+00
2475.485784,16.9895997,5544.324808,0.098150578,0.162367642,123.046875,-91.5029068,82.65945435,12.08858395,36.69757462,-0.766441643,1.00E+00
1575.23647,18.57893009,3340.363135,0.055879859,0.21209918,103.359375,-131.8743591,61.60850525,-12.67334175,35.08202362,-2.137192965,1.00E+00
1337.948611,19.03004515,2755.391672,0.076529394,0.08229766,99.38401442,-299.3326416,60.76070786,32.0897522,25.69325829,7.443336487,1.00E+00
1578.937359,21.81045839,2967.148725,0.088246632,0.172753513,129.1992188,-217.6292114,105.6317444,19.31632805,28.35385513,8.65882206,1.00E+00
1353.928089,19.68883559,2830.349552,0.054945624,0.138097256,103.359375,-178.0113831,61.93067932,1.484117031,36.04398346,7.582530499,1.00E+00
1382.232294,20.02643895,2831.024548,0.061230544,0.099548519,129.1992188,-141.0253754,110.7795792,-27.50605774,51.98480988,-8.675413132,1.00E+00
2009.879635,20.62231811,3910.784685,0.0874322,0.111816332,151.9990809,-201.7695313,109.3049316,-15.51627159,44.27642822,-11.04835892,1.00E+00
1116.438062,20.57685349,1954.729847,0.050036357,0.086470149,103.359375,-163.5303497,65.97244263,5.347550869,41.90553665,7.03160429,1.00E+00
970.9291138,20.2285589,1794.480816,0.04257495,0.100362912,123.046875,-260.9277344,138.5592346,-16.33952713,49.15594864,-5.259302616,1.00E+00
1336.14829,18.91491131,2751.558362,0.058734717,0.110548794,107.6660156,-231.298996,174.3790131,-19.72311783,47.34837723,-1.943278432,1.00E+00
2968.566588,19.28709592,6416.569533,0.129754695,0.133185863,112.3471467,-294.0420532,84.62509918,39.0867157,28.61971664,14.11871147,1.00E+00
2414.823739,20.88682579,5135.168948,0.095573118,0.112784892,83.35433468,-156.6180573,22.76469994,10.47274876,24.1512146,10.13465023,1.00E+00
2902.662054,20.04457625,6198.129187,0.126549121,0.146875381,103.359375,-340.980957,89.77674103,44.56942749,28.88593674,16.33335876,1.00E+00
1733.438538,21.80179274,3379.362899,0.068714626,0.119216658,117.4538352,-215.3440704,100.9331512,17.10478592,12.98179817,16.05806541,1.00E+00
2778.008089,20.15111209,5813.673179,0.130902459,0.145750105,135.9991776,-247.0444183,168.026123,-19.7076931,21.93688583,-0.72762996,1.00E+00
2502.844519,21.23008996,5154.877162,0.095830486,0.119210184,161.4990234,-54.85723495,77.31853485,8.344058037,31.68655586,11.31171036,1.00E+00
2634.40343,20.4644409,5562.599697,0.107876143,0.069870755,107.6660156,-141.4669189,70.87911224,-0.529632986,33.57406616,1.431034684,1.00E+00
3028.916875,19.6459284,6201.179169,0.140357806,0.075758599,135.9991776,-198.4867249,140.7171021,-18.42088318,30.51124954,-6.689789772,1.00E+00
3027.203488,17.92165716,7278.66432,0.100148298,0.043234933,117.4538352,-188.0823212,98.61334229,-11.28542614,47.21876526,-20.33642769,1.00E+00
3906.147081,17.03319667,8037.451399,0.206848711,0.047858685,99.38401442,-298.7573547,112.0568237,6.487096786,28.40505981,-6.753927231,1.00E+00
3393.741286,18.15910737,7234.931251,0.149702043,0.074322917,107.6660156,-196.9113922,152.8286896,-36.86233139,41.79342651,-8.679532051,1.00E+00
2874.646194,18.62810537,6138.062884,0.118338287,0.051658954,123.046875,-376.7320251,119.1505203,-2.952156067,48.51025772,13.16558838,1.00E+00
2861.040477,19.30438453,5606.299433,0.147576961,0.071398661,161.4990234,-146.3341064,118.2020493,-34.68312836,58.77826691,-14.96131229,1.00E+00
4135.95982,19.99949664,8257.808399,0.261701743,0.052446101,135.9991776,-189.9478149,134.4172211,-25.64155006,45.71974182,8.195152283,1.00E+00
1845.551811,16.77711411,4328.307161,0.042829295,0.045803182,135.9991776,-296.690094,172.3659058,16.88554192,18.92590523,1.37056458,1.00E+00
2428.4998,20.0813296,5927.247492,0.069047957,0.091605134,129.1992188,-261.8926697,182.5381317,-16.89169693,49.85009766,-1.205302238,1.00E+00
1787.800681,20.79097076,3905.418051,0.062757746,0.045044806,117.4538352,-174.6798248,75.89472961,-12.79903507,52.61589432,-29.40113831,1.00E+00
1875.044961,18.79166594,4292.274045,0.054154245,0.061388317,135.9991776,-267.2788086,129.0496674,-14.72013092,41.26748276,-1.014707208,1.00E+00
2958.80849,21.38749311,6065.304991,0.151422743,0.04092519,117.4538352,-237.6387024,108.3195114,2.031357288,41.76508713,-10.4558897,1.00E+00
2213.753753,20.05570693,5023.744622,0.075365757,0.053512368,117.4538352,-237.5023651,115.9306946,-15.40991783,47.10355759,-13.50592327,1.00E+00
2152.031384,21.12681908,5013.836349,0.08170321,0.045310326,112.3471467,-318.999939,115.6646881,-23.01987457,52.59420776,-12.79824638,1.00E+00
1077.172013,23.87789228,2111.370566,0.041511843,0.039800085,123.046875,-202.5847626,105.8442307,-20.55630112,43.88285446,-14.2731123,1.00E+00
1855.231742,23.91589616,4284.249094,0.063396064,0.068181798,117.4538352,-192.072937,105.570137,-26.02050781,40.16647339,-6.661609173,1.00E+00
1874.63315,24.06406218,4010.875747,0.077770505,0.044401113,135.9991776,-305.4448853,121.9334641,2.606407642,36.94224167,-8.558878899,1.00E+00
1176.101286,22.49947057,2343.452496,0.039910945,0.021197265,112.3471467,-414.0352783,104.8646927,-7.839935303,37.85240936,0.176041439,1.00E+00
1885.040462,22.83301856,4355.89866,0.058125121,0.060152274,161.4990234,-262.0606689,108.9897537,-6.337935925,55.16639328,-10.65915966,1.00E+00
1492.379774,22.88744817,3375.904586,0.046200401,0.039270636,135.9991776,-261.8205261,139.5500183,-17.10653305,49.89031219,-5.859791279,1.00E+00
3274.342157,18.55161282,6407.227923,0.18307977,0.11614155,95.703125,-45.80070114,108.0001678,-11.73930073,66.32606506,-30.21012115,2.00E+00
2922.83855,20.08437434,6036.880162,0.15290157,0.097316682,151.9990809,-71.25566864,82.35173798,-30.17868423,56.47988129,-10.87972164,2.00E+00
2198.534549,20.47342914,4446.43978,0.128393026,0.1328004,112.3471467,-79.0542984,106.8252869,-38.75037003,39.86202621,-26.75839806,2.00E+00
2751.908964,20.28291305,5234.418348,0.166710254,0.150219113,99.38401442,-43.77534103,82.79747009,-29.63450432,70.42649078,-21.61573219,2.00E+00
3403.101905,18.50704113,6902.891592,0.192423629,0.063474722,135.9991776,3.686079979,104.7592926,-0.837994456,55.92549515,-29.23756599,2.00E+00
2464.470948,20.22926596,4951.478392,0.13437825,0.121785641,151.9990809,13.52151299,78.02088165,-32.99618912,55.54525757,-9.967193604,2.00E+00
3237.533909,21.33065252,6229.245666,0.198125408,0.050464112,123.046875,-76.26451111,61.77223587,-37.13354492,62.45526505,-14.84127903,2.00E+00
2939.523998,19.76495073,5806.856553,0.168373132,0.069499709,151.9990809,-74.96539307,81.18478394,-20.21007729,68.31020355,-11.35679626,2.00E+00
2964.606631,19.73903375,6187.337586,0.140559241,0.058411933,117.4538352,-104.6753922,87.75094604,-33.25131226,48.48087692,-28.91101646,2.00E+00
2250.756104,19.8346545,5112.344086,0.094679322,0.312846571,112.3471467,-149.9489136,67.86278534,-6.666633606,32.07483673,6.094042301,2.00E+00
3048.391495,19.94189387,5662.39076,0.196540384,0.118158184,129.1992188,-77.45717621,130.9364777,-23.32906151,62.03897095,0.8841663,2.00E+00
2699.981625,20.46835118,5157.935477,0.171501608,0.230757013,112.3471467,-16.67900085,94.11322784,-32.80900574,61.48679733,-10.09252167,2.00E+00
2803.257355,20.07123962,5262.659844,0.176912762,0.114323221,123.046875,-76.32471466,123.2482376,-89.87019348,76.42559814,-21.25656128,2.00E+00
3047.823713,19.52470043,5735.940316,0.203604211,0.08632566,135.9991776,-89.31015015,82.35723877,-23.25255013,68.11547852,-13.07450867,2.00E+00
2877.354754,20.7989667,5198.2769,0.185307647,0.077593289,151.9990809,-120.1001205,91.31105804,-38.84381485,75.01148224,-3.813927889,2.00E+00
2986.705162,19.91750537,5818.223151,0.169265416,0.110982768,129.1992188,-12.47786045,91.32667542,-23.09558296,50.99450302,-12.10298538,2.00E+00
2743.392811,20.16105034,5129.285651,0.179621741,0.269814312,123.046875,-36.471138,94.80391693,-36.59895706,54.99755859,-8.219815254,2.00E+00
2656.261186,18.34264932,5326.034461,0.158775684,0.113806404,107.6660156,-35.66924667,115.4577255,-40.6579361,75.38602448,-12.57575989,2.00E+00
2291.228694,19.46286355,3884.859842,0.180317882,0.118441105,99.38401442,-61.86215591,93.0187912,-39.95066452,56.14815903,-19.67370033,2.00E+00
2699.573852,18.69313357,5385.359102,0.161506582,0.100895815,112.3471467,-61.51149368,71.77092743,-46.31328583,75.43179321,-18.52943611,2.00E+00
2658.185159,18.89348644,5358.75093,0.152409131,0.117337488,99.38401442,-57.63666153,101.4333801,-41.50156021,55.12840652,-23.3516407,2.00E+00
3046.671497,20.34620603,5735.21532,0.191613354,0.108475886,107.6660156,-51.58193207,86.16007233,-20.26643372,59.05467987,-10.86151123,2.00E+00
2218.426022,21.67458705,4779.537765,0.106983102,0.198840678,135.9991776,-111.6502838,111.1576614,-10.658144,69.70529175,-4.912101269,2.00E+00
2576.04181,20.8108555,5058.086081,0.131787563,0.19535993,143.5546875,-100.3841171,104.6881027,-57.24785995,56.56850052,-5.551697254,2.00E+00
2410.924797,20.64136917,4950.386732,0.128333691,0.231528431,112.3471467,10.49365902,63.70228958,-28.41004372,62.59739304,-19.58825493,2.00E+00
2384.674283,19.73033742,4584.797276,0.126103168,0.100494795,135.9991776,1.189379096,66.6648941,-23.70092583,60.96707153,-18.8813839,2.00E+00
2871.235641,20.50620134,5187.051968,0.198229338,0.138283432,129.1992188,-74.08351898,80.0687561,-46.9538002,51.01090622,-9.124936104,2.00E+00
2398.363299,19.10226381,4866.770571,0.128309126,0.165123165,129.1992188,-99.90235138,106.3743744,-40.66899109,52.71951675,-20.73932076,2.00E+00
2789.285147,20.53177758,5345.776008,0.179961875,0.144124016,135.9991776,-82.09658813,98.27715302,-16.51634789,68.43086243,1.433721542,2.00E+00
2955.272094,21.04965276,5928.73915,0.163341794,0.089019008,123.046875,-29.34223366,101.8961029,-29.12741089,69.75513458,-16.18367004,2.00E+00
1525.017127,21.49689617,3500.287168,0.051203016,0.230304211,129.1992188,-35.43549347,94.09585571,-24.2161274,43.31142426,-16.38020134,2.00E+00
2566.803635,20.65230864,5444.433745,0.125209371,0.220483363,135.9991776,-19.12759399,118.8635788,-52.1691246,42.72018814,-21.59362602,2.00E+00
2502.472777,21.00806148,4761.437875,0.148160858,0.136534706,117.4538352,11.98224258,69.40991211,-23.26618004,60.70101166,-20.81352997,2.00E+00
2029.736704,20.67374268,4223.182796,0.100007332,0.256827444,123.046875,-93.55592346,89.86495972,-55.88470459,51.63796616,-5.574561119,2.00E+00
2707.499443,20.56864461,5291.984667,0.160912481,0.090518445,107.6660156,-110.8516159,83.16172791,-45.2518425,56.57384872,-7.481556416,2.00E+00
2836.878851,20.15120334,5615.007713,0.162805138,0.270837665,117.4538352,-24.94914246,77.52435303,-30.3692112,68.36117554,-6.501951694,2.00E+00
2685.80336,19.88736781,5331.492761,0.160503187,0.112228036,143.5546875,-73.48675537,74.66875458,-16.45473862,55.65730667,-7.745397568,2.00E+00
2292.322766,20.68793612,4819.487524,0.123658738,0.112020537,135.9991776,-104.6753922,87.75094604,-33.25131226,48.48087692,-28.91101646,2.00E+00
2690.639988,21.7210839,5087.9859,0.148327901,0.145904064,95.703125,-93.5001297,100.652092,-23.34760094,52.50229645,-7.752994061,2.00E+00
2099.080808,21.44031061,4450.089758,0.088297274,0.154376537,117.4538352,0.301776499,94.19457245,-32.41297531,45.46136856,-15.21405411,2.00E+00
2709.682077,19.99275441,5081.660939,0.166440792,0.104636602,107.6660156,4.94769001,75.06167603,-24.72662354,57.0070343,-21.77793503,2.00E+00
2269.141394,20.78037518,4186.416352,0.137381255,0.097612388,117.4538352,-1.881807804,72.67928314,-32.79029083,63.60359955,-18.55076218,2.00E+00
2463.469918,20.95463269,4547.580835,0.151808606,0.093678169,129.1992188,0.393726885,79.70980835,-30.64588165,61.07865524,-17.46014214,2.00E+00
2683.416292,20.46119446,4972.811597,0.177312987,0.090489402,95.703125,4.065235138,83.25507355,-37.23687363,62.3244133,-14.83873653,2.00E+00
2760.319304,20.99154576,5260.184859,0.171248776,0.095390365,117.4538352,-46.57212448,86.81027985,-34.78874207,49.90347672,-18.17745018,2.00E+00
2389.388002,21.2812272,4448.231435,0.144281818,0.088072859,123.046875,-96.6126709,101.7375259,-16.84916306,47.30578613,-27.10217857,2.00E+00
2795.605722,20.59813745,5455.492011,0.163732192,0.212417796,117.4538352,22.87751389,60.81078339,-6.400491714,53.16094971,-13.24894524,2.00E+00
2908.196854,20.05237528,5405.600646,0.178119482,0.2175387,103.359375,-104.9742355,80.71789551,-28.53394699,66.81829071,-20.70883751,2.00E+00
2889.402321,20.60271829,5485.533496,0.176609287,0.224555373,107.6660156,-86.20790863,76.77991486,-42.37549591,54.00172043,-8.341035843,2.00E+00
2980.152834,20.29859034,5461.750307,0.194024904,0.217600212,99.38401442,16.51337433,71.18852997,-22.35643005,60.28390884,-18.55554008,2.00E+00
2987.164004,19.64412846,5629.032629,0.177513666,0.24905178,112.3471467,-1.639785767,73.39337158,-15.90272617,55.79780579,-1.897447348,2.00E+00
3401.373582,19.93825946,6164.037727,0.228470274,0.226259053,107.6660156,-74.86352539,79.10015106,-40.88932037,54.71512604,-9.671936989,2.00E+00
2716.891207,18.95553629,5122.769023,0.162218974,0.239925891,151.9990809,9.631223679,54.67641449,-21.03277779,60.16301727,-21.07917404,2.00E+00
2907.028574,19.89241655,5519.574957,0.172615736,0.227477133,123.046875,-135.4370422,93.33584595,-43.29352188,59.21974182,-8.516697884,2.00E+00
3114.23161,20.05598312,5829.964747,0.195791711,0.2071082,123.046875,-67.87825012,108.9514008,-33.83414459,50.50548553,-21.36688805,2.00E+00
3108.569419,20.29865942,5698.957206,0.196925869,0.232558757,112.3471467,-96.26486969,90.94429016,-32.21512604,54.32922363,-23.02957916,2.00E+00
3010.816263,20.0771261,5633.374269,0.179328848,0.242997393,107.6660156,9.625917435,76.33102417,-31.26097298,56.87249756,-20.73594856,2.00E+00
2718.557942,20.53214969,5227.301725,0.143773885,0.207259238,129.1992188,-58.22716141,105.8401947,-43.88441467,58.44003677,-18.42330933,2.00E+00
2459.371553,20.21166297,5024.161286,0.142842296,0.184547812,143.5546875,-201.1456451,76.78046417,-14.79818344,68.73930359,-12.94364834,2.00E+00
2442.64558,20.40501154,4728.929738,0.149853969,0.182339147,99.38401442,-40.44196701,105.3011169,-14.10883713,54.84885025,-1.196286798,2.00E+00
2315.897707,19.46952416,4616.697083,0.13954413,0.125770211,89.10290948,-74.08351898,80.0687561,-46.9538002,51.01090622,-9.124936104,2.00E+00
2709.682077,19.99275441,5081.660939,0.166440792,0.104636602,107.6660156,10.04675102,74.12583923,-32.23940277,62.77353287,-23.32813072,2.00E+00
2269.141394,20.78037518,4186.416352,0.137381255,0.097612388,117.4538352,-129.6328735,104.0413666,-26.99212646,68.26171875,2.414042473,2.00E+00
2463.469918,20.95463269,4547.580835,0.151808606,0.093678169,129.1992188,-42.01068115,86.98981476,-27.53012657,62.61812973,-27.00097847,2.00E+00
2683.416292,20.46119446,4972.811597,0.177312987,0.090489402,95.703125,-93.55592346,89.86495972,-55.88470459,51.63796616,-5.574561119,2.00E+00
2760.319304,20.99154576,5260.184859,0.171248776,0.095390365,117.4538352,-100.3841171,104.6881027,-57.24785995,56.56850052,-5.551697254,2.00E+00
2389.388002,21.2812272,4448.231435,0.144281818,0.088072859,123.046875,-100.8402023,76.13404846,-29.5435009,69.71678162,-17.33548355,2.00E+00
2254.281419,20.38774993,4380.923509,0.120158759,0.136291787,135.9991776,-90.73606873,128.0662537,-34.78204727,73.78156281,4.333497047,2.00E+00
2302.678285,19.61477094,4598.838858,0.130750154,0.098379061,161.4990234,-66.65435028,88.3421402,-27.53660965,53.17520523,-9.175246239,2.00E+00
1741.097318,20.43320166,4109.891815,0.053791814,0.17364037,161.4990234,-35.19102859,93.95523834,-35.18590927,62.80712128,-11.72648048,2.00E+00
2742.990787,20.07896547,5626.04098,0.142876687,0.048869666,117.4538352,-135.4370422,93.33584595,-43.29352188,59.21974182,-8.516697884,2.00E+00
2807.988285,19.20163536,5674.107356,0.153805192,0.115336746,86.1328125,-82.47145844,97.35742188,-34.38592911,71.42520905,-3.302101374,2.00E+00
2339.897531,20.33956951,4708.129864,0.116827336,0.194362894,123.046875,2.836352587,77.06960297,-17.55644989,57.95838928,0.739746213,2.00E+00
2641.943661,20.45965652,5566.633006,0.121342804,0.293483347,143.5546875,-95.36450958,92.0796814,-28.03165436,52.79044724,-3.017643929,2.00E+00
2723.615095,19.36724491,5494.966773,0.134972729,0.040853992,123.046875,-86.20790863,76.77991486,-42.37549591,54.00172043,-8.341035843,2.00E+00
2068.663525,20.74466413,4439.323156,0.088893264,0.244830206,112.3471467,-78.59347534,80.8826828,-24.58664131,47.03154755,-23.74514771,2.00E+00
2792.558751,20.65109561,5321.676154,0.162540589,0.096948579,143.5546875,-15.58764172,99.13541412,-45.62350082,55.00850677,-18.01473999,2.00E+00
2741.118114,19.73317123,5409.383957,0.159984671,0.149154127,151.9990809,-15.52408218,99.91709137,-37.42917633,45.79159546,-20.6039753,2.00E+00
2815.482378,19.32084251,5898.381,0.131865416,0.269563198,99.38401442,-197.2068787,74.13288879,-10.7331171,54.7105217,-7.596105099,2.00E+00
2710.014596,21.22183525,5322.626148,0.143906159,0.127354532,123.046875,-110.8516159,83.16172791,-45.2518425,56.57384872,-7.481556416,2.00E+00
2848.068677,20.67749882,5930.355807,0.1441212,0.139909044,161.4990234,-43.04721451,75.36411285,-47.82056808,53.02225876,-12.3198595,2.00E+00
2138.076591,20.99786488,4200.882931,0.12199057,0.190438434,151.9990809,-75.47697449,81.86127472,-22.02968597,69.86484528,-11.71549129,2.00E+00
2378.33575,19.53543168,4748.546286,0.141317362,0.131640673,123.046875,26.71179199,79.78942871,-52.05177689,51.31947327,-16.36447334,2.00E+00
2340.616119,21.08953768,4715.679818,0.122913467,0.208726391,117.4538352,-62.17747116,115.164299,-42.77957153,54.29420471,-24.86427498,2.00E+00
2522.639211,19.47182295,5089.835889,0.138584952,0.229881033,151.9990809,-28.05164528,84.02332306,-43.71073151,47.97641754,-22.45586395,2.00E+00
2646.947344,21.49340474,5304.851256,0.157781359,0.151972875,103.359375,-117.8563309,65.44216156,-51.41939926,74.09527588,-13.75764465,2.00E+00
2628.987791,19.99177149,5189.301954,0.159044012,0.088319041,123.046875,-52.88402176,50.08953476,-11.48973179,46.32277679,6.538486004,2.00E+00
3338.733176,19.10723673,6670.784663,0.186813307,0.267330945,95.703125,-80.14115906,64.83789063,-15.45377254,46.84407806,7.920761108,2.00E+00
1988.120374,20.5912077,4148.191583,0.092420076,0.13330546,117.4538352,-76.77144623,67.9977417,-11.24468136,76.37576294,-17.46794128,2.00E+00
1443.678582,20.28720157,3286.321795,0.046570013,0.266098589,151.9990809,-103.5998917,73.84548187,-16.1421566,53.16826248,-25.08045578,2.00E+00
2141.608766,21.51189158,4682.588352,0.084678248,0.14666678,89.10290948,8.829273224,82.81376648,-30.56112289,66.70136261,-16.35295105,2.00E+00
2323.715589,21.92082513,5018.869652,0.120087331,0.11601387,135.9991776,-79.57911682,93.47066498,-27.74530602,64.08795166,-18.81016541,2.00E+00
2090.279599,21.81496543,4393.148435,0.093329368,0.16635336,117.4538352,-99.89219666,102.1948318,-23.65568924,63.0618248,-8.748605728,2.00E+00
2644.707345,19.684449,5176.768697,0.141646536,0.092050292,172.265625,-122.0935898,62.30724335,-34.47746658,75.64954376,6.247753143,2.00E+00
2707.499443,20.56864461,5291.984667,0.160912481,0.090518445,107.6660156,-107.1068497,47.65484619,-8.622630119,38.40585709,8.468852997,2.00E+00
2445.226841,21.2621453,5191.401942,0.121035927,0.185565233,151.9990809,-58.70251465,70.53017426,-19.41768265,73.60441589,-27.75742531,2.00E+00
2493.91856,20.65770223,5105.327462,0.128239965,0.188258857,161.4990234,-140.7294006,55.93773651,-12.3133564,44.34431839,-10.5993824,2.00E+00
1983.264314,21.23632514,4241.174354,0.086206206,0.186136961,112.3471467,-64.12176514,74.50848389,-45.96644211,65.87425995,-14.65213871,2.00E+00
2241.314038,20.67941091,4490.464513,0.115764984,0.139042124,151.9990809,-84.86763,64.65375519,-36.33669281,65.38064575,-13.87686443,2.00E+00
2375.812595,20.75644262,4898.745378,0.108006528,0.170202717,143.5546875,-108.0498581,65.76787567,-20.83878899,47.55787277,0.869435251,2.00E+00
3421.99161,18.88846499,7953.285241,0.126766807,0.185918629,135.9991776,-75.310112,83.35233307,10.69223881,14.46429825,14.24416924,3.00E+00
3702.987869,18.17898822,8073.09285,0.14947642,0.26241371,107.6660156,-68.9282074,73.75994873,-12.47208786,9.549262047,-0.03781423,3.00E+00
3213.614161,17.4510501,7424.096774,0.118868518,0.215215042,129.1992188,-113.1122131,41.59604645,21.51806068,11.10033417,17.43788147,3.00E+00
1837.123244,21.12825621,3670.894469,0.085351714,0.129400864,92.28515625,-73.32221222,97.48885345,16.85840034,-0.587017059,7.188520908,3.00E+00
2753.175473,18.32236703,5986.147136,0.123763046,0.211233929,107.6660156,-18.11584854,72.28220367,-4.890480518,-0.378656715,1.685867667,3.00E+00
2289.822524,19.82354294,4746.421299,0.106780533,0.139581069,112.3471467,-40.84976196,61.54216385,9.869021416,10.0975523,8.453919411,3.00E+00
2125.267705,17.84408948,4978.81156,0.067695358,0.093982719,92.28515625,-48.92813492,62.6280098,34.24166107,12.32688522,16.56214142,3.00E+00
1968.420512,21.64210877,4127.150044,0.082344929,0.084313929,129.1992188,-25.06579781,70.80748749,2.926485777,7.521717072,1.44674921,3.00E+00
2885.067672,18.52224497,6430.411116,0.121303877,0.195515394,172.265625,-106.7786789,81.04133606,47.81689453,13.65507793,13.01508999,3.00E+00
3279.877315,17.08139955,6953.099622,0.172819439,0.15971148,107.6660156,-18.79358482,71.32501984,-3.760076761,-1.398459911,0.709632099,3.00E+00
1901.306765,20.10668951,4192.116318,0.066217287,0.184063554,107.6660156,-35.24917603,61.25497437,14.05529594,28.66804123,4.332963943,3.00E+00
2200.487385,21.75027257,4626.722023,0.087125324,0.055817354,123.046875,24.37291527,68.96333313,-4.22551918,-1.042203903,5.244323254,3.00E+00
2679.302938,18.51960209,5533.833204,0.125934235,0.164213896,99.38401442,-23.22920609,53.78957748,-0.640865088,14.75717926,4.877629757,3.00E+00
2149.835158,20.52411905,5223.143416,0.051659174,0.173117056,143.5546875,13.48397732,58.23102951,-2.177979469,5.02317524,8.061619759,3.00E+00
1997.776664,16.75898722,4139.074972,0.08806107,0.078058571,117.4538352,-59.55463791,77.29155731,26.39522934,3.183541536,6.756014824,3.00E+00
3207.178615,17.6067238,7019.815885,0.1415838,0.19620122,103.359375,-52.44399643,74.04553223,12.73983288,24.48034096,21.08440971,3.00E+00
3490.338581,17.72651981,7499.379652,0.153415928,0.146607816,112.3471467,-45.68714523,65.2628479,12.92577076,14.5276022,7.038734913,3.00E+00
2789.181562,16.65119558,6112.296373,0.126229773,0.143145129,112.3471467,-44.11748123,76.17883301,22.90904236,16.79681778,22.99609947,3.00E+00
3433.78719,18.01581097,7932.260368,0.127734677,0.207528085,123.046875,4.788139343,64.44132996,-2.45827961,10.43146133,3.253141165,3.00E+00
3131.11811,17.72170016,6552.618711,0.156053478,0.211027116,92.28515625,-44.23770142,51.35315323,24.98299789,12.15959263,10.87425041,3.00E+00
3487.406797,16.86794292,7444.029987,0.179749858,0.24817577,107.6660156,-47.93637466,54.14138794,-3.962719917,21.49372292,13.90477562,3.00E+00
3502.007013,15.88115053,7199.448133,0.187017766,0.193554893,99.38401442,-78.11386871,65.96903992,24.55376244,25.63391304,13.82699776,3.00E+00
3206.27441,17.61697516,7019.59922,0.141539205,0.196151584,103.359375,-42.75870514,62.83398438,4.770786285,24.05332947,9.651461601,3.00E+00
3759.753679,17.89740534,7855.044168,0.177674285,0.210741922,103.359375,-46.99687195,55.7738533,27.64020157,19.18876266,15.18465519,3.00E+00
3301.781785,18.03405303,7302.597509,0.144526715,0.207583755,117.4538352,-20.19750214,57.75763702,16.79887581,18.26435852,8.969554901,3.00E+00
2928.600767,19.30679887,6817.100445,0.105740857,0.189702287,151.9990809,-25.98362923,60.92125702,5.98922205,17.73478317,5.110966682,3.00E+00
2525.971548,19.14967307,5554.558079,0.10354208,0.195700034,151.9990809,-50.41452789,56.43222046,12.57080364,11.2720747,-2.739747286,3.00E+00
2682.72734,17.920533,5957.305644,0.101914728,0.157971486,83.35433468,-273.2858887,103.1578674,8.707333565,31.72075081,12.5138073,3.00E+00
2946.439032,17.59398476,6655.701421,0.121269864,0.194660082,99.38401442,-14.14116287,44.35363388,12.70315838,10.14920521,11.26797581,3.00E+00
2988.833127,18.40417604,6919.441492,0.111570376,0.234200329,161.4990234,-71.57173157,81.10321045,16.35379601,8.941002846,13.81950092,3.00E+00
3070.583251,17.17333345,6652.934771,0.148739841,0.203197792,95.703125,-145.9320679,62.59426498,-23.04501915,-18.72754669,-14.72440529,3.00E+00
3111.032119,17.24586795,6745.192546,0.152910262,0.198457912,95.703125,-44.99627686,69.73478699,11.88373852,8.178459167,12.60021687,3.00E+00
4225.662023,17.24861001,8483.157037,0.228736712,0.097938277,95.703125,-44.71455765,55.05048752,27.16301346,19.50943565,14.69277287,3.00E+00
2835.031945,16.85041856,5944.989051,0.137062663,0.139985368,99.38401442,-112.4448853,59.74415588,14.49307251,19.16868401,15.12946796,3.00E+00
3141.512515,18.73493425,7236.939573,0.131055519,0.18754752,95.703125,-81.69946289,78.60006714,-17.25246239,24.49098587,8.3991642,3.00E+00
3194.109244,16.67214714,6993.491045,0.159379989,0.282645226,107.6660156,-8.409947395,42.04534149,8.257079124,17.97182465,14.04851818,3.00E+00
2944.367954,18.5891657,6877.683412,0.115115328,0.2566109,99.38401442,-72.09474945,81.27792358,16.71199799,8.698406219,14.17903519,3.00E+00
3236.413205,16.2395229,6698.77616,0.164824778,0.24098517,103.359375,-39.87543869,35.55577087,8.913806915,15.08241463,15.22439671,3.00E+00
3267.381914,17.71826101,6921.091482,0.146523301,0.221886575,92.28515625,-80.4071579,35.95479202,20.42022324,26.35373688,17.40708923,3.00E+00
3934.491432,19.03035243,8525.190116,0.187178006,0.279797196,83.35433468,-37.0382309,68.89542389,10.49315834,23.94345856,15.35375595,3.00E+00
1962.325584,20.28545382,3821.21856,0.095811212,0.199324265,129.1992188,-36.62526703,73.05995941,39.15820694,20.33304405,12.51072979,3.00E+00
2053.694268,21.73598409,4506.672749,0.075365757,0.083328091,107.6660156,-137.71698,100.2653503,14.40830326,15.41676331,2.325148582,3.00E+00
3002.674938,17.87787769,6446.044355,0.143747808,0.223497421,92.28515625,-44.95326996,69.77199554,11.84060764,8.122824669,12.64374161,3.00E+00
2703.264814,18.0748214,5776.090073,0.103297183,0.254338086,135.9991776,-42.19792557,82.16001892,-2.232454062,19.91509247,13.86811638,3.00E+00
3143.571032,18.31735783,6689.351217,0.135637502,0.222876295,117.4538352,-50.80667114,68.04430389,12.07575703,36.32839584,8.669477463,3.00E+00
2842.621648,18.74826546,6479.244154,0.124989418,0.202349633,117.4538352,-39.59479904,33.94216537,9.592606544,16.66863441,14.90829182,3.00E+00
2838.018095,18.94602501,6485.694115,0.122180289,0.203451738,117.4538352,-30.25296021,88.46551514,-6.566091537,32.79669189,8.507998466,3.00E+00
3150.247439,18.46534649,7292.222572,0.127355239,0.215936884,112.3471467,-204.6813812,101.6378708,26.38965225,9.186354637,10.46338463,3.00E+00
4052.820143,16.78670877,8382.199314,0.210714523,0.156534508,129.1992188,-56.10266876,36.45064926,11.99429607,-6.398934364,3.791730165,3.00E+00
1987.886179,20.38771673,4265.432541,0.06614019,0.147505313,117.4538352,-61.99423599,64.20420074,29.87209892,23.26563644,16.2688961,3.00E+00
3046.37243,19.01884864,6630.568239,0.118658013,0.208398566,143.5546875,-59.0292511,60.98595047,27.73970985,23.84553909,12.29441738,3.00E+00
4156.047953,17.26781581,8676.405868,0.230045094,0.213234439,112.3471467,-125.4793854,51.22457504,38.49865341,14.48755932,16.23615646,3.00E+00
3662.94957,17.41795844,7776.827975,0.156007371,0.321614742,103.359375,-104.4215012,86.86128235,28.75066185,26.61524773,8.905659676,3.00E+00
2639.306631,21.18149585,5625.53265,0.107000865,0.172237575,129.1992188,-46.83040619,55.89410019,26.07916641,16.54362106,7.094800472,3.00E+00
3498.337678,18.44889672,7664.586987,0.136022231,0.27367121,129.1992188,-76.88304901,113.3049927,-6.229106426,19.93526459,15.11264038,3.00E+00
3940.227263,17.45234869,8259.35839,0.167398837,0.240931034,103.359375,-29.24581909,53.87722397,-1.698401928,15.49032974,1.090944171,3.00E+00
3681.043998,18.41255521,7565.82925,0.145624214,0.250021726,89.10290948,-111.5473862,85.55908203,3.526410341,16.37183189,2.211080313,3.00E+00
3672.655786,17.38392941,7783.661267,0.15406445,0.329432428,103.359375,-52.5563736,37.4951973,14.0779438,18.16997528,16.7743206,3.00E+00
2940.015408,18.58699366,5750.59856,0.145754221,0.167455703,99.38401442,-77.92106628,32.33073044,20.09833717,27.60942268,16.27774239,3.00E+00
3727.466037,18.28581656,7633.162177,0.144787484,0.251932263,89.10290948,-87.70558929,64.36313629,-12.96831226,16.03704834,0.493192255,3.00E+00
3498.337678,18.44889672,7664.586987,0.136022231,0.27367121,129.1992188,-91.87763214,56.67211533,13.82181549,15.06335449,0.90597415,3.00E+00
2949.223953,17.90767823,6067.779976,0.111951326,0.220844001,95.703125,-88.33890533,34.35315323,-11.27489853,2.190364361,-4.85882473,3.00E+00
2468.524671,21.65919199,5481.70852,0.098208779,0.398011863,107.6660156,9.613273621,88.86186218,-20.30945396,5.121937752,-2.906002522,3.00E+00
1826.511801,19.28486339,3796.293711,0.074646563,0.126168564,123.046875,-63.52407074,79.0274353,42.74855423,16.09583473,15.27049065,3.00E+00
3647.815014,18.39100938,7112.748657,0.205950002,0.169149935,129.1992188,-119.3296814,85.96291351,33.8758049,9.989417076,17.69613838,3.00E+00
2518.605605,18.08609344,5496.141766,0.100143385,0.133542344,117.4538352,-26.87670326,46.74374771,8.672206879,8.57990551,6.091019154,3.00E+00
2843.994633,19.36898153,6839.308644,0.099746562,0.243337438,107.6660156,-52.5563736,37.4951973,14.0779438,18.16997528,16.7743206,3.00E+00
3889.624969,16.95687638,8056.984614,0.191042307,0.191517293,112.3471467,-8.538216591,54.2888031,20.96504974,13.10970306,9.726937294,3.00E+00
3262.945937,17.55445353,6714.76773,0.155056508,0.24575837,129.1992188,-34.16489029,40.39557266,17.48751259,13.41741467,13.25347996,3.00E+00
2327.908733,15.63338923,4930.628518,0.095499423,0.215645954,107.6660156,-125.9388199,117.3294144,-0.06540259,10.21774578,4.495071888,3.00E+00
3141.22314,17.32019298,6823.467073,0.136443997,0.167840868,123.046875,-42.82396317,54.88819122,17.04154015,19.79429817,6.863185883,3.00E+00
3889.624969,16.95687638,8056.984614,0.191042307,0.191517293,112.3471467,-47.71503448,55.56790924,19.23875427,24.48484802,4.051933765,3.00E+00
2569.175433,16.22637937,5351.725972,0.131656422,0.234553069,117.4538352,-6.929049969,68.90324402,3.781282425,28.21685219,2.287718773,3.00E+00
3671.164313,17.70947349,7879.03569,0.161897358,0.259873718,129.1992188,-38.24236298,47.84290695,20.063591,23.82526016,19.7797966,3.00E+00
3419.368447,18.89076434,7789.1279,0.130848037,0.210437223,83.35433468,-52.59974289,47.77341843,13.46385002,2.229346514,13.26814175,3.00E+00
3645.446488,18.93428773,7658.520357,0.159240534,0.185675859,95.703125,-46.83040619,55.89410019,26.07916641,16.54362106,7.094800472,3.00E+00
3544.057943,18.25577925,7780.461286,0.142819242,0.245390952,143.5546875,-93.55615234,59.69227219,32.11874771,13.11107731,13.27332306,3.00E+00
4037.059458,17.23335342,8331.391288,0.213925766,0.231090277,112.3471467,-68.85322571,40.46487808,25.37904167,35.77373886,13.39477444,3.00E+00
3124.17635,17.41903032,6618.134981,0.142720981,0.223418862,103.359375,-65.11878204,65.45196533,4.108839512,32.74122238,16.91329956,3.00E+00
1995.15338,18.6683923,4383.265162,0.07255096,0.037580468,112.3471467,-170.8684692,105.8917618,31.07347298,22.24983406,12.81450939,3.00E+00
3151.436898,18.50757254,7293.264232,0.12759749,0.215816468,112.3471467,-169.0643158,94.66461945,24.48021507,27.37761688,11.63002872,3.00E+00
2246.864022,18.58783214,5155.585492,0.086017243,0.092211835,143.5546875,-50.78840256,80.22408295,-9.30115509,20.28977203,12.09799576,3.00E+00
3168.240991,17.26947287,7555.262648,0.100339151,0.208017737,129.1992188,-161.5891876,85.57363892,53.27796936,32.20023727,27.17443085,3.00E+00
2489.444327,19.07679855,5976.730526,0.084295787,0.143023044,123.046875,-224.3522339,107.3481522,-1.589529991,13.88600159,8.120069504,3.00E+00
3262.545498,19.40753148,6828.042045,0.135866147,0.179449648,99.38401442,-240.6495514,97.15609741,0.424342453,-0.259407252,-10.46586323,3.00E+00
2516.610746,18.32516526,5087.469237,0.122096012,0.195364729,117.4538352,-113.5402298,90.02792358,-5.533843517,25.57697487,2.6306355,3.00E+00
3594.152474,17.69174915,7634.403836,0.18523244,0.132528812,129.1992188,-19.40910721,51.92951202,36.98514557,13.08693409,14.5844574,3.00E+00
3587.403428,18.6389578,7946.976946,0.146478328,0.190992206,103.359375,-15.72663498,59.2600708,-1.590209723,12.55688572,8.741951942,3.00E+00
3510.795237,16.99482727,7257.122784,0.172034107,0.235033959,99.38401442,-20.8977356,83.23895264,5.046143055,16.36243439,9.404126167,3.00E+00
3401.022782,17.64200499,7052.249023,0.165738227,0.220592037,99.38401442,-111.1654968,103.1807098,10.89493465,34.35483551,22.33090973,3.00E+00
3603.263862,18.97535907,7958.818541,0.147559954,0.194174677,103.359375,-45.58621216,74.72780609,15.97580528,14.79996109,8.998905182,3.00E+00
3696.22514,17.39674766,7871.035738,0.166830057,0.265421897,117.4538352,-135.2989349,107.8221817,-13.44428349,19.04340744,8.816502571,3.00E+00
3271.287004,17.46472175,6883.425044,0.145358909,0.227165535,107.6660156,-94.47743988,55.6557045,29.2773838,27.05503273,20.05897903,3.00E+00
3258.808953,18.13294433,7268.706047,0.131662469,0.245844692,135.9991776,-59.14175034,45.27807617,36.84127045,15.69275856,15.66740417,3.00E+00
2806.247388,19.30130808,6101.77977,0.128548353,0.198670357,151.9990809,-45.74795914,65.26445007,12.93163872,14.51269913,7.01877737,3.00E+00
3046.148817,18.73723495,7384.647013,0.106393537,0.30392015,103.359375,-40.47240448,73.48921204,22.62318802,12.35354042,14.86476803,3.00E+00
3126.533643,19.94717012,6931.233088,0.105345546,0.251243323,92.28515625,-125.8783722,126.6288223,-23.19006538,36.25013733,20.95216751,3.00E+00
3510.03854,17.52761278,7587.279121,0.137248225,0.20426558,99.38401442,-53.05257416,78.30541992,2.261536837,18.82889175,3.874927521,3.00E+00
3634.050584,17.99137922,7534.687772,0.183105847,0.213083267,117.4538352,-97.00973511,51.83800888,18.75263977,20.48722076,5.610599995,3.00E+00
2765.747194,19.10448186,6873.391771,0.096014914,0.138194799,161.4990234,-59.56503677,62.96931839,31.13347435,16.9293766,8.885163307,3.00E+00
